658,620220007R,Renault
833,963025111R,Renault
871,921005115R,Renault
926,821010028R,Renault
927,821000027R,Renault
928,8201108350,Renault
929,8201108332,Renault
930,8201048885,Renault
932,8200985420,Renault
933,8200904007,Renault
934,8200879171,Renault
935,8200864612,Renault
937,8200785044,Renault
938,8200768927,Renault
940,8200768913,Renault
941,8200746184,Renault
942,8200744754,Renault
943,8200725499,Renault
944,8200694499,Renault
945,8200661217,Renault
946,8200651172,Renault
947,8200586567,Renault
948,8200586561,Renault
949,8200535857,Renault
950,8200504291,Renault
951,8200431051,Renault
952,8200365915,Renault
953,8200362442,Renault
954,8200222463,Renault
955,8200191753,Renault
956,8200143332,Renault
957,8200141289,Renault
958,8200136726,Renault
959,8200111096,Renault
960,8200084183,Renault
961,8200050412,Renault
962,8200014933,Renault
986,801010029R,Renault
988,801000030R,Renault
1002,7751473705,Renault
1003,7711228912,Renault
1004,7703602054,Renault
1005,7703179077,Renault
1006,7703081151,Renault
1007,7703062072,Renault
1008,7701479124,Renault
1009,7701478550,Renault
1011,7701477380,Renault
1012,7701477028,Renault
1013,130C13191R,Renault
1014,7701477024,Renault
1017,7701475121,Renault
1018,7701470567,Renault
1019,7701465088,Renault
1021,7701207152,Renault
1022,7701206849,Renault
1023,7701205812,Renault
1024,7701070525,Renault
1026,7701070154,Renault
1027,7701067123,Renault
1029,7701062311,Renault
1030,7701062171,Renault
1032,7701050678,Renault
1034,7701047579,Renault
1035,7701043620,Renault
1037,7700500180,Renault
1038,7700500168,Renault
1039,7700428082,Renault
1040,7700314329,Renault
1041,7700314328,Renault
1042,7700312851,Renault
1043,7700274177,Renault
1045,7700104811,Renault
1047,767499606R,Renault
1170,651000024R,Renault
1176,631010037R,Renault
1177,631000037R,Renault
1191,620780004R,Renault
1199,6001550443,Renault
1200,6001550442,Renault
1201,6001549322,Renault
1202,6001549314,Renault
1203,6001549273,Renault
1204,6001549258,Renault
1205,6001549254,Renault
1206,6001549146,Renault
1207,6001548325,Renault
1208,6001548286,Renault
1209,6001548285,Renault
1210,6001548100,Renault
1212,6001547495,Renault
1213,6001547466,Renault
1215,6001547111,Renault
1216,6001546794,Renault
1217,6001546789,Renault
1447,562307910R,Renault
1448,562302346R,Renault
1449,562300111R,Renault
1450,562105043R,Renault
1573,551108783R,Renault
1574,551100019R,Renault
1581,550440923R,Renault
1582,550440043R,Renault
1702,546183913R,Renault
1703,546180004R,Renault
1704,546135490R,Renault
1705,546135009R,Renault
1708,546127371R,Renault
1777,545055212R,Renault
1778,545040445R,Renault
1781,545015167R,Renault
1782,545012815R,Renault
1792,545007549R,Renault
1793,545001225R,Renault
1814,543207065R,Renault
1815,543204016R,Renault
1816,543200002R,Renault
1817,54302JY01B,Renault
1818,543023532R,Renault
1822,540500011R,Renault
1862,620220006R,Renault
1985,440605713R,Renault
1986,440604694R,Renault
1995,432102069R,Renault
1996,43202JY30A,Renault
1998,432003112R,Renault
2043,410608481R,Renault
2044,410602396R,Renault
2045,410018218R,Renault
2046,402222121R,Renault
2047,402109533R,Renault
2049,402069828R,Renault
2050,401604793R,Renault
2062,39600JD60A,Renault
2071,392414459R,Renault
2089,391008976R,Renault
2110,365300010R,Renault
2643,272775340R,Renault
2647,120A17400R,Renault
2649,26550JY05A,Renault
2698,25411JY00A,Renault
2830,2263044B20,Renault
2859,224018760R,Renault
2958,214100016R,Renault
2997,165469466R,Renault
2999,165464830R,Renault
3000,164039594R,Renault
3002,164038513R,Renault
3004,164000884R,Renault
3008,152085758R,Renault
3014,130C17529R,Renault
3015,130C17480R,Renault
3021,122975635R,Renault
3022,122795605R,Renault
3023,117201773R,Renault
3024,117200002R,Renault
3026,112380010R,Renault
3028,8200752683,Renault
3029,110605536R,Renault
3031,110449199R,Renault
3032,110447055R,Renault
3033,110265505R,Renault
3122,8200715101,Renault
3123,8200675682,Renault
3124,8200663650,Renault
3125,8200461782,Renault
3126,8200187234,Renault
3127,8200123551,Renault
3128,7701477096,Renault
3129,562109362R,Renault
3130,410602192R,Renault
3131,402109697R,Renault
3132,265550035R,Renault
3143,543026656R,Renault
3145,8200694083,Renault
3147,7700500155,Renault
3157,166003429R,Renault
3160,8200735119,Renault
3189,7701478031,Renault
3190,7701478018,Renault
3191,210103098R,Renault
3198,8200945035,Renault
3199,8200411166,Renault
3200,8200115542,Renault
3201,8200065989,Renault
3202,8200022596,Renault
3204,214100067R,Renault
3205,921100001R,Renault
3206,921006843R,Renault
3207,921000005R,Renault
3208,8200455795,Renault
3209,8200073817,Renault
3210,7701071974,Renault
3211,479008381R,Renault
3225,8200591289,Renault
3352,7700421505,Renault
3353,7700311217,Renault
3373,7700303471,Renault
3752,152093920R,Renault
4075,410605055R,Renault
4107,164039587R,Renault
4157,8200713523,Renault
4264,8200953294,Renault
4265,8200868516,Renault
4266,8200839124,Renault
4267,8200839119,Renault
4268,8200735315,Renault
4269,8200693464,Renault
4270,8200615314,Renault
4271,8200397125,Renault
4272,8200343476,Renault
4300,7701476327,Renault
4301,7701207823,Renault
4302,7701206740,Renault
4303,7701205759,Renault
4304,7701204842,Renault
4306,7700312899,Renault
4350,6001547140,Renault
4351,6001546795,Renault
4352,6001546788,Renault
4474,543256557R,Renault
4475,543027245R,Renault
4537,410278957R,Renault
4722,265500033R,Renault
4814,164001540R,Renault
4821,117200033R,Renault
5025,620222866R,Renault
5070,8200270539,Renault
5100,921009956R,Renault
5101,8200757701,Renault
5102,8200757700,Renault
5103,8200744759,Renault
5104,623105727R,Renault
5110,265558016R,Renault
5111,265551619R,Renault
5112,265550038R,Renault
5113,265509604R,Renault
5114,260603007R,Renault
5115,260109545R,Renault
5147,265500036R,Renault
5153,8200701354,Renault
5154,8200701353,Renault
5155,8200701352,Renault
5156,8200150623,Renault
5157,8200150621,Renault
5158,622544633R,Renault
5159,265506669R,Renault
5160,265500465R,Renault
5168,6001549989,Renault
5169,7701477821,Renault
5170,7700667184,Renault
5171,7701472833,Renault
5172,8200506488,Renault
5207,7700414988,Renault
5208,265502140R,Renault
5209,7703075219,Renault
5210,821007807R,Renault
5211,668220006R,Renault
5212,668220005R,Renault
5213,638440013R,Renault
5214,7711426789,Renault
5215,7711423666,Renault
5227,620254755R,Renault
5251,214940059R,Renault
5252,752106836R,Renault
5255,8200700585,Renault
5260,654013159R,Renault
5554,117206746R,Renault
6310,113560003R,Renault
6314,8200419945,Renault
6315,8200419941,Renault
6316,631011341R,Renault
6317,631001150R,Renault
6345,260608656R,Renault
6403,261528359R,Renault
6449,8200403164,Renault
6478,260E01288R,Renault
6531,8200929533,Renault
6655,7701478130,Renault
6659,132024905R,Renault
6660,120A10538R,Renault
6665,8200978873,Renault
6666,7701058032,Renault
6667,7701058031,Renault
6668,7700114745,Renault
6669,6001539655,Renault
6670,302058324R,Renault
6673,110563297R,Renault
6780,8200902784,Renault
6812,623103748R,Renault
6813,752107934R,Renault
6816,117208883R,Renault
6817,8200248821,Renault
6831,7701053057,Renault
6840,215581554R,Renault
6844,8200431075,Renault
6845,8200371496,Renault
6846,8200257642,Renault
6847,7701478972,Renault
6848,7701478037,Renault
6849,7701477048,Renault
6850,7701471374,Renault
6851,210101832R,Renault
6852,165468470R,Renault
6853,152089599R,Renault
6854,117209956R,Renault
6855,117202495R,Renault
6856,117201618R,Renault
6880,850220033R,Renault
6962,8200582997,Renault
6963,7711228916,Renault
6964,7703074613,Renault
6965,6001548958,Renault
6966,6001547877,Renault
6967,6001547127,Renault
6980,6001546975,Renault
6998,8200846156,Renault
7240,8200052311,Renault
7248,309300676R,Renault
7249,441006424R,Renault
7251,214753416R,Renault
7252,150A06727R,Renault
7255,8200728279,Renault
7256,7711426966,Renault
7257,7703002666,Renault
7258,8201035310,Renault
7259,7700875311,Renault
7260,7701478183,Renault
7261,8200265414,Renault
7264,7701476858,Renault
7265,8200376373,Renault
7266,164038899R,Renault
7267,5010316545,Renault
7268,8200351006,Renault
7271,260E01288R,Renault
7278,130C11508R,Renault
7279,117205191R,Renault
7281,8200316994,Renault
7283,546180727R,Renault
7377,8200735118,Renault
7378,8200209920,Renault
7379,631015821R,Renault
7380,631012289R,Renault
7381,631011587R,Renault
7382,631009162R,Renault
7383,631005525R,Renault
7384,622220011R,Renault
7385,6001549973,Renault
7386,6001549971,Renault
7387,8201005235,Renault
7388,261653175R,Renault
7389,261600977R,Renault
7390,261527502R,Renault
7391,260600738R,Renault
7394,214109682R,Renault
7405,8200734824,Renault
7406,8200336835,Renault
7407,6001551484,Renault
7408,6001551481,Renault
7409,6001549585,Renault
7410,6001548841,Renault
7411,265552802R,Renault
7412,265550010R,Renault
7413,265506837R,Renault
7414,265500010R,Renault
7415,260605817R,Renault
7416,260104793R,Renault
7417,260101331R,Renault
7423,8200680689,Renault
7424,8200187079,Renault
7425,8200049246,Renault
7426,8200048938,Renault
7427,8200003827,Renault
7428,8200003826,Renault
7429,7701477213,Renault
7430,7701206928,Renault
7431,7700352126,Renault
7432,365301796R,Renault
7433,365301673R,Renault
7434,302052307R,Renault
7440,7701470566,Renault
7449,8200805671,Renault
7450,364003676R,Renault
7458,117209389R,Renault
7489,620220030R,Renault
7600,365300089R,Renault
7603,8200758088,Renault
7604,7701476729,Renault
7605,7700302301,Renault
7606,6001548362,Renault
7610,7701040849,Renault
7626,7701478196,Renault
7643,8200936808,Renault
7644,8200922001,Renault
7645,8200805601,Renault
7646,8200785985,Renault
7647,8200760467,Renault
7648,8200714033,Renault
7649,7701476527,Renault
7650,7701476499,Renault
7660,210105707R,Renault
7661,123106282R,Renault
7662,111107098R,Renault
7663,921007845R,Renault
7664,921003293R,Renault
7665,8201268218,Renault
7666,8201067796,Renault
7667,8200700587,Renault
7668,8200577398,Renault
7669,8200280056,Renault
7670,8200026372,Renault
7672,7711497395,Renault
7673,7711134792,Renault
7674,7711134330,Renault
7675,7711134329,Renault
7676,7701479126,Renault
7677,7700747599,Renault
7678,7700273618,Renault
7709,144607066R,Renault
7735,401611363R,Renault
7779,391019117R,Renault
7780,123003948R,Renault
7844,7701206119,Renault
7845,130C19656R,Renault
7847,113757025R,Renault
7848,112214498R,Renault
7915,401606563R,Renault
7920,8200425460,Renault
7921,8200117602,Renault
7941,6001549988,Renault
8108,8200895918,Renault
8109,8200854052,Renault
8110,8200797762,Renault
8111,8200752810,Renault
8112,8200741642,Renault
8113,8200735448,Renault
8114,8200718120,Renault
8115,8200675681,Renault
8116,8200490950,Renault
8117,8200267867,Renault
8118,8200263819,Renault
8119,8200113817,Renault
8120,8200091702,Renault
8121,8200027176,Renault
8171,7703077469,Renault
8172,7703075216,Renault
8173,7703075213,Renault
8174,7703017090,Renault
8175,7701479190,Renault
8176,7701479043,Renault
8177,7701477522,Renault
8178,7701476596,Renault
8179,7701473163,Renault
8180,7701473004,Renault
8181,7701208252,Renault
8182,7701207947,Renault
8183,7701064298,Renault
8184,7701057119,Renault
8185,7700102350,Renault
8227,6001549586,Renault
8347,543026714R,Renault
8348,543024989R,Renault
8539,265554085R,Renault
8545,260105585R,Renault
8546,260105345R,Renault
8547,260103738R,Renault
8548,260100156R,Renault
8593,243800196R,Renault
8686,164005190R,Renault
8694,132011980R,Renault
8699,117207736R,Renault
8919,8200735314,Renault
8920,8200419952,Renault
8921,8200415251,Renault
8922,8200243595,Renault
8923,8200214391,Renault
8924,8200019183,Renault
8937,7703081054,Renault
8938,7701479051,Renault
8939,7701476256,Renault
8940,7701475629,Renault
8941,7701207667,Renault
8942,7701068181,Renault
9011,265556233R,Renault
9012,265502184R,Renault
9013,265501454R,Renault
9014,260605370R,Renault
9015,260603883R,Renault
9016,260601153R,Renault
9051,120A14373R,Renault
9134,8200421321,Renault
9135,7711130077,Renault
9136,543035090R,Renault
9137,543029836R,Renault
9138,543028774R,Renault
9139,432025057R,Renault
9140,402060010R,Renault
9142,545011952R,Renault
9143,545009246R,Renault
9144,543020638R,Renault
9145,543020011R,Renault
9148,8200774211,Renault
9149,260105680R,Renault
9150,7700312785,Renault
9151,631008599R,Renault
9152,620108876S,Renault
9153,265550028R,Renault
9154,265500027R,Renault
9155,260607817R,Renault
9156,260607449R,Renault
9157,260105066R,Renault
9158,260102734R,Renault
9162,8200274801,Renault
9163,8200274800,Renault
9164,8200156357,Renault
9165,8200150625,Renault
9166,7751478148,Renault
9167,7701205779,Renault
9168,620223545R,Renault
9169,562107865R,Renault
9170,562100043R,Renault
9172,402107435R,Renault
9173,402107314R,Renault
9174,320003602R,Renault
9175,265550533R,Renault
9181,7700303186,Renault
9186,543028938R,Renault
9187,543022344R,Renault
9191,8200570944,Renault
9192,7703075214,Renault
9193,7703075180,Renault
9194,7701474025,Renault
9195,7701471593,Renault
9196,117206838R,Renault
9197,9640469680,Renault
9198,7711134856,Renault
9199,260105157R,Renault
9203,8200734788,Renault
9207,8200830196,Renault
9208,8200068115,Renault
9209,7700101474,Renault
9210,440604876R,Renault
9211,302052617R,Renault
9212,224404252R,Renault
9213,850229539R,Renault
9214,850227419R,Renault
9215,850226654R,Renault
9221,265550023R,Renault
9222,265500023R,Renault
9223,261503971R,Renault
9224,260105344R,Renault
9225,255408317R,Renault
9226,255400337R,Renault
9227,850B29272R,Renault
9228,850220011R,Renault
9229,7701045717,Renault
9231,261558707R,Renault
9232,260606709R,Renault
9233,6001551360,Renault
9242,631019031R,Renault
9243,631007555R,Renault
9244,631000989R,Renault
9246,255405005R,Renault
9251,963011650R,Renault
9259,963028691R,Renault
9260,791025782R,Renault
9261,788557833R,Renault
9262,6001551322,Renault
9265,544013322R,Renault
9267,215592385R,Renault
9268,214100598R,Renault
9297,6001547499,Renault
9298,6001547168,Renault
9299,546115535R,Renault
9300,545008682R,Renault
9301,545000011R,Renault
9302,402061200R,Renault
9317,546113587R,Renault
9318,546114265R,Renault
9322,7711428115,Renault
9325,552406838R,Renault
9326,545010012R,Renault
9327,544019550R,Renault
9328,54400JY20A,Renault
9329,402066352R,Renault
9330,8200675690,Renault
9331,8200591288,Renault
9332,8200404271,Renault
9333,8200151995,Renault
9334,540505149R,Renault
9340,8200814764,Renault
9341,8200663654,Renault
9342,8200617861,Renault
9343,7703090344,Renault
9344,8200923128,Renault
9345,7701474436,Renault
9362,6001998316,Renault
9364,8200715957,Renault
9385,8200555112,Renault
9390,364000005R,Renault
9491,540109345R,Renault
9493,8200661049,Renault
9494,112380006R,Renault
9640,7700113071,Renault
9665,7701479054,Renault
9667,7711427996,Renault
9668,960159288R,Renault
9669,921361722R,Renault
9670,8201268221,Renault
9671,8200827922,Renault
9672,8200735319,Renault
9673,8200688405,Renault
9674,8200581756,Renault
9675,8200465490,Renault
9676,8200273825,Renault
9677,8200155188,Renault
9678,7711135965,Renault
9679,7701474701,Renault
9680,7701474372,Renault
9681,7701468419,Renault
9682,7700107556,Renault
9683,7700103635,Renault
9684,550206594R,Renault
9685,479104225R,Renault
9686,391007857R,Renault
9687,349358401R,Renault
9688,302055016R,Renault
9689,271156272R,Renault
9690,210100753R,Renault
9691,150003601R,Renault
9692,144605593R,Renault
9693,144602126R,Renault
9694,135633653R,Renault
9695,112209464R,Renault
9696,110604371R,Renault
9697,8200019181,Renault
9698,326041339R,Renault
9709,8200542741,Renault
9711,7711368728,Renault
9717,8200850092,Renault
9722,8200295081,Renault
9723,8200018919,Renault
9724,8200009045,Renault
9726,7701477050,Renault
9727,7701068188,Renault
9728,214C10001R,Renault
9729,135026986R,Renault
9730,112314312R,Renault
9731,7701478539,Renault
9732,8200790180,Renault
9733,8200476806,Renault
9734,150A09681R,Renault
9735,110602770R,Renault
9736,8200779378,Renault
9737,8200009645,Renault
9738,7701478953,Renault
9739,7701069288,Renault
9740,271154491R,Renault
9741,144963014R,Renault
9742,901008732R,Renault
9743,8201676037,Renault
9744,8200914647,Renault
9745,8200682558,Renault
9746,8200673232,Renault
9747,8200547283,Renault
9748,8200497809,Renault
9749,8200497786,Renault
9750,8200409455,Renault
9751,8200036016,Renault
9752,7701349373,Renault
9753,7701070061,Renault
9754,7700313061,Renault
9755,237310776R,Renault
9756,215586921R,Renault
9757,144967634R,Renault
9758,11350JY00A,Renault
9759,110608431R,Renault
9760,8200197478,Renault
9761,7701206632,Renault
9762,144960015R,Renault
9767,8200753620,Renault
9768,8200598964,Renault
9769,7701478498,Renault
9770,7701478493,Renault
9771,7701478459,Renault
9772,7701476645,Renault
9773,7701476473,Renault
9774,210108796R,Renault
9775,165571618R,Renault
9776,152095084R,Renault
9777,130C16781R,Renault
9778,130C15830R,Renault
9779,130C11551R,Renault
9780,130C10990R,Renault
9781,117209732R,Renault
9782,117200334R,Renault
9785,8201038625,Renault
9786,8200638754,Renault
9787,7701475740,Renault
9788,117207538R,Renault
9789,7703097171,Renault
9790,7701208061,Renault
9791,7700414986,Renault
9794,432105162R,Renault
9795,383428H500,Renault
9796,364024124R,Renault
9797,140361579R,Renault
9798,8200363223,Renault
9799,8200180137,Renault
9801,7703081233,Renault
9802,7701477501,Renault
9803,7700415087,Renault
9804,122014213R,Renault
9913,631007555R,Renault
9914,260105828R_ucenka,Renault
9931,214100068R,Renault
9932,166008930R,Renault
9933,166006623R,Renault
9934,121508910R,Renault
9935,111100489R,Renault
9957,214100078R_ucenka,Renault
9960,8200968063,Renault
9961,8200700047,Renault
9962,8200700046,Renault
9964,7701478679,Renault
9965,7700859266,Renault
9966,7700103946,Renault
10021,224013682R,Renault
10053,8200381856,Renault
10054,8200162970,Renault
10056,623827948R,Renault
10057,620223579R,Renault
10058,620108565S,Renault
10067,260600069R,Renault
10068,117201902R,Renault
10113,850108566R,Renault
10154,802938442R,Renault
10157,7700103945,Renault
10199,166008052R,Renault
10316,620104524X,Renault
10583,550207778R,Renault
10602,8200694128,Renault
10626,8200526870,Renault
10632,8200431675,Renault
10635,117208353R,Renault
10641,135208446R,Renault
10642,6001551794,Renault
10643,349350433R,Renault
10648,8200531904,Renault
10649,8200521448,Renault
10650,801013696R,Renault
10651,7703081237,Renault
10654,410605536R,Renault
10657,7701474806,Renault
10658,545010011R,Renault
10659,545000010R,Renault
10660,8200675686,Renault
10661,8200298116,Renault
10662,8200190862,Renault
10711,8200675691,Renault
10719,7701476567,Renault
10721,381895167R,Renault
10727,8200735345,Renault
10728,7701206742,Renault
10729,562101568R,Renault
10730,550209378R,Renault
10731,550204946R,Renault
10732,550201434R,Renault
10733,550200047R,Renault
10734,397702105R,Renault
10735,364005982R,Renault
10737,7701208059,Renault
10738,6001550902,Renault
10739,550202196R,Renault
10740,545058162R,Renault
10741,545049296R,Renault
10800,13025CK81A,Renault
10813,550203174R,Renault
10815,8200810828,Renault
10897,550200023R,Renault
10898,540100049R,Renault
10899,370001713R,Renault
10901,165466131R,Renault
10905,272778980R,Renault
10906,165464EA0C,Renault
10908,8200844169,Renault
10909,8200040088,Renault
10910,8200304222,Renault
10911,550200003R,Renault
10920,7701061577,Renault
10921,410602581R,Renault
10922,272774812R,Renault
10923,165468296R,Renault
10924,165467860R,Renault
10925,8200818975,Renault
10926,8200772227,Renault
10927,7701464321,Renault
10928,7701054772,Renault
10929,562100077R,Renault
10930,551100020R,Renault
10931,550200026R,Renault
10932,543027341R,Renault
10933,540105571R,Renault
10934,164009384R,Renault
10935,562102084R,Renault
10936,7701476884,Renault
10937,562106313R,Renault
10938,543029762R,Renault
10939,562107788R,Renault
10941,8200589142,Renault
10945,562105955R,Renault
10979,410603407R,Renault
10980,8200782671,Renault
10981,8200408549,Renault
10982,8200407415,Renault
10983,8200315050,Renault
10984,8200191437,Renault
10985,7711130071,Renault
10986,410601334R,Renault
10987,224333529R,Renault
10988,180107523R,Renault
10989,120A10282R,Renault
10990,8200398170,Renault
10991,8200315044,Renault
10992,8200011068,Renault
10993,7701069597,Renault
10994,623104478R,Renault
10996,7701208000,Renault
10997,224019133R,Renault
10999,8200459155,Renault
11000,302056114R,Renault
11001,8200022613,Renault
11002,7701477831,Renault
11004,7700795347,Renault
11006,479102845R,Renault
11007,110616064R,Renault
11009,237312011R,Renault
11010,8200960184,Renault
11011,8200789728,Renault
11012,8200301497,Renault
11013,546181925R,Renault
11014,631019604R,Renault
11015,272101005R,Renault
11020,7701475229,Renault
11021,7701473371,Renault
11028,306101984R,Renault
11030,149568021R,Renault
11032,7701477814,Renault
11033,7700436437,Renault
11034,7700104018,Renault
11035,8200880013,Renault
11036,8200772226,Renault
11037,8200671275,Renault
11038,8200633416,Renault
11039,807301396R,Renault
11040,7701681690,Renault
11041,7701472670,Renault
11042,7701057120,Renault
11043,7700103634,Renault
11045,391016613R,Renault
11046,391014946R,Renault
11047,391007525R,Renault
11048,391006553R,Renault
11049,255544794R,Renault
11050,167005809R,Renault
11051,150103110R,Renault
11052,150005392R,Renault
11053,147357493R,Renault
11054,144604527R,Renault
11055,135613805R,Renault
11063,7700846469,Renault
11067,349359903R,Renault
11073,272773151R,Renault
11196,8200709764,Renault
11197,8200602361,Renault
11198,8200363384,Renault
11199,7701477013,Renault
11200,491329671R,Renault
11201,165469490R,Renault
11202,1654630P00,Renault
11203,165460509R,Renault
11204,152085488R,Renault
11206,8201059775,Renault
11207,7701478537,Renault
11209,8200727571,Renault
11212,261651140R,Renault
11214,261601801R,Renault
11215,121502698R,Renault
11221,130C10001R,Renault
11222,8200656008,Renault
11223,8200592001,Renault
11224,8200008249,Renault
11225,8200004389,Renault
11226,7782256546,Renault
11227,440608061R,Renault
11228,288909871R,Renault
11562,7701477528,Renault
11563,7700273916,Renault
11564,172020033R,Renault
11565,147105300R,Renault
11582,8200619927,Renault
11583,7701208229,Renault
11587,7703602306,Renault
11592,543029600R,Renault
11593,432107045R,Renault
11605,117206842R,Renault
11622,8200671272,Renault
11623,8200379654,Renault
11624,7703062062,Renault
11625,7701047876,Renault
11626,38189CA000,Renault
11627,113758078R,Renault
11637,850427214R,Renault
12655,8201108206,Renault
12762,7701476496,Renault
12769,152089F60A,Renault
12849,7700312370,Renault
12860,562100018R,Renault
12861,214106091R,Renault
12867,7711130076,Renault
12868,130C13130R,Renault
13122,8200688880,Renault
13123,8200603558,Renault
13124,8200533908,Renault
13125,8200434687,Renault
13126,8200421505,Renault
13127,8200406743,Renault
13128,8200396908,Renault
13129,8200219250,Renault
13130,8200163918,Renault
13131,8200163914,Renault
13132,8200151770,Renault
13133,8200138499,Renault
13134,8200053795,Renault
13135,7700105711,Renault
13136,656013497R,Renault
13137,631006348R,Renault
13138,625600014R,Renault
13139,546118440R,Renault
13140,546110013R,Renault
13141,543259539R,Renault
13142,440013212R,Renault
13144,289102573R,Renault
13145,255670039R,Renault
13146,254298400R,Renault
13147,214990018R,Renault
13149,166806696R,Renault
13154,117209197R,Renault
13155,113560012R,Renault
13156,110617089R,Renault
13157,110446505R,Renault
13278,8200445627,"Renault Turkey"
13279,7701477208,"Renault Turkey"
13286,8200768913,"Renault Turkey"
13336,123009701R,Renault
13338,7701208891,Renault
13339,479101292R,Renault
13385,8200728389,Renault
13469,8200983399,Renault
13470,8200802666,Renault
13471,8200688789,Renault
13472,8200675679,Renault
13473,8200542997,Renault
13474,8200298117,Renault
13475,8200203767,Renault
13476,8200171178,Renault
13477,7703090450,Renault
13478,7701477813,Renault
13479,7701471580,Renault
13480,7701070607,Renault
13481,562301497R,Renault
13482,562109697R,Renault
13483,562100664R,Renault
13484,552400025R,Renault
13485,552400022R,Renault
13486,550362599R,Renault
13487,546181944R,Renault
13488,546115934R,Renault
13489,546113546R,Renault
13490,543200001N,Renault
13491,543020054R,Renault
13492,540505143R,Renault
13493,540503701R,Renault
13494,364007808R,Renault
13495,349359179R,Renault
13496,349352256R,Renault
13497,321138590R,Renault
13498,321132689R,Renault
13499,226306024R,Renault
13500,165556691R,Renault
13501,144961381R,Renault
13502,144609116R,Renault
13503,1254115910,Renault
13504,11360JY20B,Renault
13505,110604754R,Renault
13508,844009783R,Renault
13509,7711134823,Renault
13510,7700101261,Renault
13512,112380008R,Renault
13514,8200035448,Renault
13515,432067943R,Renault
13516,112205136R,Renault
13526,8200778628,Renault
13527,8200694022,Renault
13528,8200694016,Renault
13529,7701209764,Renault
13530,460116191R,Renault
13531,460112992R,Renault
13532,440269087R,Renault
13533,432008208R,Renault
13534,432001324R,Renault
13535,432000367R,Renault
13536,410604775R,Renault
13537,402067025R,Renault
13545,391006276R,Renault
13546,8200104754,Renault
13547,543020503R,Renault
13548,8200163518,Renault
13549,8200163516,Renault
13550,265854470R,Renault
13551,265505392R,Renault
13552,26075JY40A,Renault
13553,260609154R,Renault
13554,260606079R,Renault
13555,260603689R,Renault
13556,260603054R,Renault
13557,260602665R,Renault
13558,260602545R,Renault
13559,26025JY40A,Renault
13560,260109958R,Renault
13561,260102973R,Renault
13562,260100437R,Renault
13563,260100067R,Renault
13568,963027883R,Renault
13569,963014889R,Renault
13570,851210001R,Renault
13571,8200761529,Renault
13572,8200754872,Renault
13573,8200680583,Renault
13574,7701479313,Renault
13575,7701478408,Renault
13576,7701478406,Renault
13577,7701477121,Renault
13578,7701473495,Renault
13579,7701070841,Renault
13580,7701070496,Renault
13581,7701066406,Renault
13582,7701051903,Renault
13583,7701050583,Renault
13584,7701047594,Renault
13585,7700410543,Renault
13586,7700309154,Renault
13587,631011368R,Renault
13588,631002210R,Renault
13589,562100008R,Renault
13590,550207471R,Renault
13591,546117977R,Renault
13592,546111180R,Renault
13593,545047954R,Renault
13594,545014EA0B,Renault
13595,545004EA0B,Renault
13596,540340002R,Renault
13597,540108071R,Renault
13598,540103898R,Renault
13599,540100023R,Renault
13600,479106421R,Renault
13601,462100006R,Renault
13602,391004298R,Renault
13603,326104966R,Renault
13604,320007974R,Renault
13605,288905811R,Renault
13606,285374701R,Renault
13607,266006799R,Renault
13608,260101161R,Renault
13609,150A17037R,Renault
13610,150009761R,Renault
13611,112385698R,Renault
13612,111115870R,Renault
13634,7701049049,Renault
13635,6001548549,Renault
13636,540107253R,Renault
13637,364002234R,Renault
13659,8200415734,Renault
13660,8200403198,Renault
13661,7711497430,Renault
13662,7711135970,Renault
13663,7711135374,Renault
13675,8201184896,Renault
13676,7711172849,Renault
13677,302057116R,Renault
13678,302052965R,Renault
13679,288904198R,Renault
13680,287900003R,Renault
13689,8200880552,Renault
13690,7700108973,Renault
13701,6001551408,Renault
13702,266002887R,Renault
13703,265900021R,Renault
13704,265556737R,Renault
13705,261500097R,Renault
13709,850B29417R,Renault
13710,850B26748R,Renault
13711,850222896R,Renault
13712,850107198S,Renault
13713,850104839S,Renault
13714,850101569S,Renault
13715,850101031S,Renault
13716,8200200610,Renault
13717,7701478129,Renault
13718,7701478128,Renault
13719,7701209346,Renault
13720,7701066122,Renault
13721,620226969R,Renault
13722,620226317R,Renault
13723,620224834R,Renault
13724,620222633R,Renault
13725,620222601R,Renault
13726,620222303R,Renault
13727,620221750R,Renault
13728,620221477R,Renault
13729,620104894S,Renault
13730,620103363V,Renault
13731,266000411R,Renault
13732,265557352R,Renault
13733,265550548R,Renault
13734,265509441R,Renault
13735,265505695R,Renault
13736,265502533R,Renault
13737,265502257R,Renault
13738,265500007R,Renault
13739,261507817R,Renault
13781,552400039R,Renault
13782,540509166R,Renault
13783,383421561R,Renault
13790,8200263821,Renault
13791,392417848R,Renault
13813,8200200188,Renault
13814,7701478158,Renault
13815,7701205518,Renault
13823,543200001R,Renault
13909,7701477415,Renault
13910,485206730R,Renault
13914,620227030R,Renault
13988,462102625R,Renault
13990,121501502R,Renault
13995,901009092R,Renault
13996,901003901R,Renault
13997,850928785R,Renault
13998,850902532R,Renault
13999,850900007R,Renault
14000,850450016R,Renault
14001,850440017R,Renault
14002,821014570R,Renault
14003,8200735103,Renault
14004,801000321R,Renault
14005,7782709524,Renault
14006,774214657R,Renault
14007,774207318R,Renault
14008,631017297R,Renault
14009,631016242R,Renault
14010,631016113R,Renault
14011,631013304R,Renault
14012,631012248R,Renault
14013,631002600R,Renault
14014,631001746R,Renault
14015,631001616R,Renault
14016,623106152R,Renault
14017,622561821R,Renault
14018,622543994R,Renault
14019,622541693R,Renault
14020,622540565R,Renault
14021,622540015R,Renault
14022,622540008R,Renault
14023,620932632R,Renault
14024,620726313R,Renault
14025,6001548858,Renault
14026,265550014R,Renault
14027,261524983R,Renault
14028,261524170R,Renault
14031,552406238R,Renault
14037,210103314R,Renault
14085,668110012R,Renault
14101,8200987173,Renault
14102,8200904226,Renault
14103,8200786314,Renault
14104,8200761531,Renault
14105,8200409288,Renault
14106,8200409286,Renault
14107,8200382109,Renault
14108,8200255776,Renault
14109,7700872023,Renault
14110,7700434628,Renault
14111,648E29528R,Renault
14112,364009913R,Renault
14113,265550674R,Renault
14114,265506145R,Renault
14115,210511238R,Renault
14116,165693152R,Renault
14117,130705295R,Renault
14118,112106575R,Renault
14120,305027561R,Renault
14121,901002357R,Renault
14122,8200385296,Renault
14123,491327275R,Renault
14124,391012675R,Renault
14125,285F27077R,Renault
14132,963741273R,Renault
14133,963027188R,Renault
14134,963019902R,Renault
14135,963014492R,Renault
14136,963012769R,Renault
14137,960163911R,Renault
14140,850452940R,Renault
14141,850420008R,Renault
14142,850222109R,Renault
14143,828210160R,Renault
14144,8200699903,Renault
14145,781006159R,Renault
14146,776967001R,Renault
14147,7703077430,Renault
14148,7701209647,Renault
14149,7701057429,Renault
14150,768F20006R,Renault
14151,768F20005R,Renault
14152,768F20003R,Renault
14153,768190129R,Renault
14154,658330001R,Renault
14155,651002749R,Renault
14156,651001209R,Renault
14157,638750003R,Renault
14158,638740003R,Renault
14159,638418129R,Renault
14160,638402753R,Renault
14161,638402115R,Renault
14162,631592688R,Renault
14163,631435096R,Renault
14164,631006363R,Renault
14165,623850001R,Renault
14166,622904233R,Renault
14167,62225JG000,Renault
14168,62224JG000,Renault
14169,620789308R,Renault
14170,620723901R,Renault
14171,620720172R,Renault
14172,620223503R,Renault
14173,620220037R,Renault
14174,6001551793,Renault
14175,550447517R,Renault
14176,550445344R,Renault
14177,544010031R,Renault
14178,511650011R,Renault
14179,511650010R,Renault
14180,462100268R,Renault
14181,391002659R,Renault
14182,302056066R,Renault
14183,265551610R,Renault
14184,261A38260R,Renault
14185,261A32985R,Renault
14186,261A27239R,Renault
14187,261A23101R,Renault
14188,261521021R,Renault
14189,260103365R,Renault
14194,8200583498,Renault
14195,322021329R,Renault
14203,8200399214,"Renault Turkey"
14204,7711213335,Renault
14205,7703097516,Renault
14206,7703097179,Renault
14207,7701472726,"Renault Turkey"
14208,7701063734,Renault
14209,7700850113,Renault
14214,410602192R,"Renault Turkey"
14215,410601237R,"Renault Turkey"
14216,272774653R,Renault
14217,272773016R,"Renault Turkey"
14218,265550041R,Renault
14219,265500038R,Renault
14221,180029347R,Renault
14222,165468296R,"Renault Turkey"
14223,165467860R,"Renault Turkey"
14224,150109428R,Renault
14233,960155927R,Renault
14234,904002721R,Renault
14235,8201010921,Renault
14236,545050399R,Renault
14237,543020032R,Renault
14239,440605839R,"Renault Turkey"
14240,214819037R,Renault
14244,152089599R,"Renault Turkey"
14247,121004942R,Renault
14250,651009963R,Renault
14253,111450001R,Renault
14255,8200643171,Renault
14256,7701477758,Renault
14795,901015778R,Renault
14796,8200902956,Renault
14797,8200423501,Renault
14798,7711497343,Renault
14800,620902821R,Renault
14815,391019972R,Renault
14816,391018686R,Renault
14817,391017275R,Renault
14818,391009882R,Renault
14819,391008165R,Renault
14820,391005187R,Renault
14821,391002807R,Renault
14822,391001209R,Renault
14824,166001137R,Renault
14825,166000399R,Renault
14828,150002040R,Renault
14834,7701059269,Renault
14838,8200881281,Renault
14839,8200827912,Renault
14840,638302752R,Renault
14841,391017321R,Renault
14842,302059322R,Renault
15212,963737459R,Renault
15213,963021976R,Renault
15214,8200176035,Renault
15215,767480016R,Renault
15216,638408430R,Renault
15217,622232066R,Renault
15218,622230011R,Renault
15219,620847585R,Renault
15220,260601236R,Renault
15221,260108719R,Renault
15222,215582977R,Renault
15471,8201571368,Renault
15472,8200907243,Renault
15473,8200795017,Renault
15474,8200760904,Renault
15475,8200463417,Renault
15476,8200463414,Renault
15477,8200435121,Renault
15478,8200303546,Renault
15479,8200294738,Renault
15480,8200266389,Renault
15481,7711130061,Renault
15482,7701474972,Renault
15483,144606126R,Renault
15484,144600828R,Renault
15485,140361KT0A,Renault
15486,122235257R,Renault
15487,110608635R,Renault
15488,110603082R,Renault
15489,101015303R,Renault
15490,8200789594,Renault
15491,8200754873,Renault
15638,921007794R,Renault
15655,8200914499,Renault
15656,8200791749,Renault
15657,8200416590,Renault
15658,8200381889,Renault
15659,7711497026,Renault
15660,7711368772,Renault
15661,7711135521,Renault
15662,7701478172,Renault
15663,7701207566,Renault
15696,479100001N,Renault
15697,479005846R,Renault
15698,479004618R,Renault
15732,384402482R,Renault
15738,323393929R,Renault
15741,314151804R,Renault
15742,306105360R,Renault
15747,271502874R,Renault
15748,271159831R,Renault
15753,214936501R,Renault
15755,166003170R,Renault
15772,7701209990,Renault
15787,7711575504,Renault
15788,631442115R,Renault
15789,6001548867,Renault
15790,550201735R,Renault
15835,8200493528,Renault
15836,7701499959,Renault
15844,110602309R,Renault
15846,8201024002,Renault
16067,8200770160,Renault
16094,120A13546R,Renault
16095,905939948R,Renault
16096,905932234R,Renault
16097,850440810R,Renault
16098,8201040861,Renault
16099,8200833551,Renault
16100,8200803446,Renault
16101,8200797164,Renault
16102,8200756273,Renault
16103,8200756269,Renault
16104,8200661149,Renault
16105,8200200666,Renault
16106,7703090361,Renault
16107,7701475118,Renault
16108,7701473543,Renault
16109,7700273245,Renault
16110,768527327R,Renault
16111,760320451R,Renault
16113,479104EA0A,Renault
16114,472109056R,Renault
16115,440118714R,Renault
16116,384438924R,Renault
16117,381402881R,Renault
16118,214816703R,Renault
16119,165469040R,Renault
16120,117203336R,Renault
16121,113563354R,Renault
16122,112101292R,Renault
16129,7711172298,Renault
16130,7700413867,Renault
16276,8200406740,Renault
16277,7703090425,Renault
16279,543A05333R,Renault
16293,441510900R,Renault
16301,165460835R,Renault
16320,7701205525,Renault
16323,9625029680,Renault
16324,8200674369,Renault
16325,8200400294,Renault
16326,8200380148,Renault
16327,7711421522,Renault
16328,7701477344,Renault
16330,491A05303R,Renault
16331,262990001R,Renault
16332,13025JG34B,Renault
16333,13025ED00B,Renault
16334,130259835R,Renault
16335,130257408R,Renault
16336,130253326R,Renault
16337,13024CJ00B,Renault
16338,117202506R,Renault
16339,117202339R,Renault
16463,7701471367,Renault
16467,11752DB00B,Renault
16523,397743841R,Renault
16526,622A90004R,Renault
16527,622540014R,Renault
16532,7701477049,Renault
16628,8200342593,Renault
16629,8200042171,Renault
16630,208157652R,Renault
16663,8200420964,Renault
16664,8200367922,Renault
16665,562106339R,Renault
16666,562101910R,Renault
16667,562100028R,Renault
16668,551107041R,Renault
16669,543028126R,Renault
16670,432064087R,Renault
16671,165465086R,Renault
16672,165462683R,Renault
16676,8200523072,Renault
16677,272775081R,Renault
16678,165463205R,Renault
16679,123000636R,Renault
16681,7701040542,Renault
16682,7700314107,Renault
16683,432000016R,Renault
16780,8200736267,Renault
16781,144609034R,Renault
16787,432109818R,Renault
16790,117209699R,Renault
16802,963012395R,Renault
16804,850939660R,Renault
16805,8200779376,Renault
16806,7701499804,Renault
16807,7701472834,Renault
16811,622541790R,Renault
16812,6001548136,Renault
16813,552400003R,Renault
16814,472104219R,Renault
16819,266059367R,Renault
16820,266055303R,Renault
16821,266007846R,Renault
16822,226807131R,Renault
16825,130255H60B,Renault
16826,117208464R,Renault
16830,7711497536,Renault
16831,7711497431,Renault
16832,7711497029,Renault
16833,7711135428,Renault
16834,7711134888,Renault
16835,7711134850,Renault
16836,7711134833,Renault
16837,7711134827,Renault
16838,7701478277,Renault
16839,7701057829,Renault
16840,543020064R,Renault
16841,440607091R,Renault
16843,8200688871,Renault
16844,562104EA3B,Renault
16845,555220013R,Renault
17066,8201184889,Renault
17067,8201184888,Renault
17068,8201082887,Renault
17069,8200040087,Renault
17084,7711497171,Renault
17085,7711368198,Renault
17086,7711368148,Renault
17087,7711368139,Renault
17088,7711134835,Renault
17106,540100005R,Renault
17227,8200301149,Renault
17228,550207532R,Renault
17229,545019956R,Renault
17230,545006069R,Renault
17231,543034EA6B,Renault
17232,543024EA6B,Renault
17233,432020984R,Renault
17234,432001539R,Renault
17235,432000505R,Renault
17238,166002137R,Renault
17275,8201108339,Renault
17276,8200948647,Renault
17277,7701043913,Renault
17278,6001549707,Renault
17279,546137404R,Renault
17280,441263507R,Renault
17281,410603072R,Renault
17438,960160002R,Renault
17439,8200799672,Renault
17440,8200609205,Renault
17441,7703081225,Renault
17442,7700866465,Renault
17443,638411852R,Renault
17444,620757429R,Renault
17445,620430006R,Renault
17446,562309991R,Renault
17447,550207022R,Renault
17449,54035JY00A,Renault
17450,44011JY00A,Renault
17451,44001JY00A,Renault
17452,341088903R,Renault
17453,288901217R,Renault
17454,266051268R,Renault
17455,266006674R,Renault
17456,261A30252R,Renault
17457,261A26007R,Renault
17458,214818009R,Renault
17468,440604694R,"Renault Turkey"
17470,8200304212,Renault
17471,8200186217,Renault
17472,7701477345,Renault
17473,7701208130,Renault
17474,7700875305,Renault
17475,550200057R,Renault
17476,540100006R,Renault
17477,440604591R,Renault
17478,440603558R,Renault
17479,440600819R,Renault
17480,432029176R,Renault
17481,410603303R,Renault
17482,402108022R,Renault
17483,402107049R,Renault
17484,130C16282R,Renault
17485,123000043R,Renault
17486,117208028R,Renault
17555,960307284R,Renault
17556,924147408R,Renault
17557,825700004R,Renault
17558,8200873101,Renault
17559,8200806067,Renault
17560,8200801829,Renault
17561,8200765143,Renault
17562,8200592003,Renault
17563,8200497672,Renault
17564,8200425923,Renault
17565,8200366402,Renault
17566,8200315046,Renault
17567,8200129956,Renault
17568,8200121805,Renault
17569,806710001R,Renault
17570,806700007R,Renault
17571,7701478547,"Renault Turkey"
17572,7701476934,Renault
17573,7701469414,Renault
17574,7701206705,"Renault Turkey"
17575,7700860455,Renault
17576,7700352478,Renault
17577,7700102359,Renault
17578,625610015R,Renault
17579,625125608R,Renault
17580,620788128R,Renault
17581,302050901R,Renault
17582,285909828R,Renault
17583,266057986R,Renault
17584,265654344R,Renault
17585,223218193R,Renault
17586,217100005R,Renault
17587,210474640R,Renault
17590,180108712R,Renault
17591,180022703R,Renault
17969,8200492426,Renault
17970,7700741822,Renault
17971,769841366R,Renault
17972,440606011R,Renault
17973,226309418R,Renault
17979,8200675047,Renault
17982,7701478360,Renault
17983,622900446R,Renault
17984,622238779R,Renault
17985,622230005R,Renault
17986,622225493R,Renault
17987,622220003R,Renault
17989,546114237R,Renault
17990,502705683R,Renault
18226,265604000R,Renault
18234,631454859R,Renault
18237,7700845219,Renault
18238,8200103263,Renault
18239,7701052563,Renault
18242,8200276539,Renault
18547,260600500R,Renault
18548,8200336831,Renault
18881,288908550R,Renault
18882,620920671R,Renault
18885,8200036014,Renault
18886,8200422680,Renault
18887,620106970Y,Renault
18888,622543505R,Renault
18889,638442034R,Renault
18890,638453816R,Renault
18891,254111342R,Renault
18892,261527339R,Renault
18893,261528871R,Renault
18976,288901987R,Renault
19014,550200036R,Renault
19052,172022980R,Renault
19190,147105308R,Renault
19367,656030009R,Renault
19368,440607960R,Renault
19377,7700843546,Renault
19381,485204680R,Renault
19382,7700434370,Renault
19383,7702258759,Renault
19501,260108453R,Renault
19512,8200711554,Renault
19513,7701477171,Renault
19514,7711424717,Renault
19515,8200357354,Renault
19519,410603847R,Renault
19525,7701476503,Renault
19999,555114695R,Renault
20010,9651513280,Renault
20011,110567448R,Renault
20012,112387053R,Renault
20013,214811626R,Renault
20014,407000435R,Renault
20015,6001548721,Renault
20016,631221176R,Renault
20017,631235857R,Renault
20018,760331162R,Renault
20019,7701471366,Renault
20020,7701477526,Renault
20021,8200209496,Renault
20022,8200356340,Renault
20023,8200694685,Renault
20024,8200699883,Renault
20050,7711368437,Renault
20051,8200028457,Renault
20052,8200223917,Renault
20053,8200350045,Renault
20054,8200371715,Renault
20055,8200590198,Renault
20056,8200664673,Renault
20057,8200671778,Renault
20058,8200674131,Renault
20059,8200677922,Renault
20060,8200687468,Renault
20061,8200852008,Renault
20062,8200895861,Renault
20063,8200908702,Renault
20067,120332312R,Renault
20068,144968841R,Renault
20069,167008960R,Renault
20070,172021574R,Renault
20071,306205974R,Renault
20072,326103478R,Renault
20073,391019924R,Renault
20074,397748146R,Renault
20075,260602078R,Renault
20076,110104767R,Renault
20091,8200974421,Renault
20092,8200803945,Renault
20093,963016226R,"Renault Turkey"
20094,963022031R,"Renault Turkey"
20095,622542958R,Renault
20111,760322642R_ucenka,Renault
20112,"850226654R ucenka",Renault
20113,"960171002R ucenka",Renault
20114,"921006843R ucenka",Renault
20115,"622541693R ucenka",Renault
20340,120A16598R,Renault
20341,120A10724R,Renault
20342,8200523083,Renault
20343,112383100R,Renault
20344,115608911R,Renault
20345,8200427529,Renault
20346,112225095R,Renault
20347,112533062R,Renault
20348,546190004R,Renault
20349,112219816R,Renault
20350,326401754R,Renault
20351,132853895R,Renault
20352,8200592642,Renault
23852,7700415095,Renault
23854,479109155R,Renault
23860,7701717352,Renault
23862,543020053R,Renault
23863,8200607978,Renault
23864,8200699882,Renault
23865,825035141R,Renault
24272,960171002R,Renault
24312,120A13419R,Renault
24313,161752788R,Renault
24431,166004305R,Renault
24489,7701062113,Renault
24539,7700103630,Renault
24670,410010823R,Renault
24875,7701473505,Renault
24953,123034219R,Renault
24954,638407860R,Renault
24955,272772972R,Renault
24956,7701478499,Renault
24957,7701476602,Renault
24958,7701208613,Renault
24960,7711431935,Renault
25077,169191812R,Renault
25078,491328861R,Renault
25079,117203078R,Renault
25311,260608405R,Renault
25526,7711576767,Renault
25557,546180002R,Renault
25558,7701049002,Renault
25877,1172000Q0C,Renault
25878,8200381362,Renault
25879,7701478932,Renault
25927,8200194414,Renault
25949,8200865653,Renault
25951,252160003R,Renault
25952,265598248R,Renault
25953,285584207R,Renault
25954,288900464R,Renault
25955,288B55277R,Renault
25956,144609369R,Renault
25957,8200859243,Renault
25960,7701471278,Renault
25961,7701477440,Renault
25962,7703081184,Renault
25963,7705096036,Renault
25964,6001547488,Renault
25965,8200004370,Renault
25966,122077350R,Renault
25971,402065345R,Renault
25985,261609635R,Renault
25986,7701061195,Renault
25987,8201108358,Renault
25992,265548758R,Renault
25993,850767381R,Renault
25994,8200700969,Renault
26127,117206887R,Renault
26150,288908411R,Renault
26151,410605649R,Renault
26152,440608235R,Renault
26153,322028598R,Renault
26344,8200236731,Renault
26414,113560009R,Renault
26415,322756344R,Renault
26423,7700111166,Renault
26425,165465463R,Renault
26426,7700103938,Renault
26427,402103708R,Renault
26431,266051882R,Renault
26432,550446624R,Renault
26440,7703090323,Renault
26441,546131253R,Renault
26569,440602466R,Renault
26572,7701207897,Renault
26578,546120007R,Renault
26606,651000391R,Renault
26607,850B28508R,Renault
26690,8200576507,Renault
26691,545042846R,Renault
26692,8200835832,Renault
26700,302055634R,Renault
26701,8200287404,Renault
26702,123009041R,Renault
26703,8200660117,Renault
26704,214108535R,Renault
26705,214101169R,Renault
26708,7701478799,Renault
26752,6001550441,Renault
26765,7711368146,Renault
26768,8200445627,Renault
27067,543029774R,Renault
27068,302050453R,Renault
27149,432100013R,Renault
27168,7701070964,Renault
27453,122011649R,Renault
27568,7701475246,Renault
27582,7701475894,Renault
27585,8200675687,Renault
27620,164004303R,Renault
27621,432022434R,Renault
27622,440114849R,Renault
27623,7701474136,Renault
27637,402068234R,Renault
27650,7701207898,Renault
27651,164002137R,Renault
27652,146582446R,Renault
27668,8201235167,Renault
27669,8201235754,Renault
27671,260608716R,Renault
27677,8200508349,Renault
27704,7701050319,Renault
27706,7703090550,Renault
27707,8200392683,Renault
27710,147253828R,Renault
27719,7700274265,Renault
27720,850442059R,Renault
27724,562104EA3C,Renault
27729,112200014R,Renault
27730,620905715R,Renault
27731,631226477R,Renault
27732,544018731R,Renault
27735,546130003R,Renault
27737,638320007R,Renault
27745,668100009R,Renault
27848,806067028R,Renault
28139,440118711R,Renault
28163,7701477748,Renault
28326,8200765618,Renault
28360,8200498703,Renault
28397,7703041034,Renault
28399,625005786R,Renault
28400,625048921R,Renault
28401,905039428R,Renault
28402,402066300R,Renault
28403,6001549311,Renault
28404,7701056972,Renault
28405,8200163523,Renault
28407,8201464598,Renault
28408,144600588R,Renault
28409,410606808R,Renault
28411,112100014R,Renault
28412,113752598R,Renault
28413,135021465R,Renault
28414,397411679R,Renault
28415,651002244R,Renault
28421,631001203R,Renault
28422,631006076R,Renault
28423,631011252R,Renault
28424,651004529R,Renault
28425,7701066124,Renault
28426,7782524451,Renault
28427,850105236R,Renault
28428,850105963S,Renault
28441,150507100R,Renault
28445,8200848954,Renault
28446,112205217R,Renault
28447,7701050914,Renault
28448,265500292R,Renault
28475,112105867R,Renault
28476,620220766R,Renault
28477,7701066123,Renault
28478,850B26594R,Renault
28488,7701474446,Renault
28489,7701478560,Renault
28490,410606124R,Renault
28491,440016929R,Renault
28492,440607862R,Renault
28514,440609415R,Renault
28523,638410003R,Renault
28526,306202760R,Renault
28605,7700302159,Renault
28619,113758313R,Renault
28627,8200767762,Renault
28695,850108510S,Renault
28699,6001549581,Renault
28700,8200156693,Renault
28701,8200291638,Renault
28702,260105692R,Renault
28703,260607246R,Renault
28704,265503601R,Renault
28705,265509762R,Renault
28706,620257603R,Renault
28707,623825103R,Renault
28708,638412328R,Renault
28709,638430101R,Renault
28710,638450018R,Renault
28711,767491249R,Renault
28727,7701209534,Renault
28728,8200011870,Renault
28729,214998574R,Renault
28730,265557681R,Renault
28731,623126029R,Renault
28732,654017334R,Renault
28733,963210006R,Renault
28740,620720985R,Renault
28741,622220012R,Renault
28742,622229677R,Renault
28743,622232031R,Renault
28744,7703066430,Renault
28745,7703077434,Renault
28746,8200011867,Renault
28747,8200036101,Renault
28748,8200330022,Renault
28749,8200415285,Renault
28750,8200428121,Renault
28751,8200735450,Renault
28752,217464725R,Renault
28753,620248105R,Renault
28754,620248369R,Renault
28755,620504350R,Renault
28756,620726996R,Renault
28757,622221036R,Renault
28758,622235405R,Renault
28759,622240001R,Renault
28760,628109962R,Renault
28761,628114187R,Renault
28762,628900768R,Renault
28763,638302834R,Renault
28764,638312139R,Renault
28765,638450016R,Renault
28766,638452868R,Renault
28767,66894JY00A,Renault
28768,806074220R,Renault
28769,850458954R,Renault
28770,6001546750,Renault
28772,625044173R,Renault
28773,8200336830,Renault
28774,265558217R,Renault
28775,265A10109R,Renault
28776,544011591R,Renault
28777,620724861R,Renault
28778,625001299R,Renault
28779,654007102R,Renault
28780,752108962R,Renault
28781,791002325R,Renault
28782,8200699690,Renault
28783,260608473R,Renault
28784,620254944R,Renault
28785,850446322R,Renault
28791,252103766R,Renault
28792,850425283R,Renault
28796,8200578089,Renault
28800,8200010518,Renault
28804,8201720440,Renault
29101,638443213R,Renault
29102,654016409R,Renault
29124,7701478497,Renault
29125,272100975R,Renault
29126,288004287R,Renault
29162,288909916R,Renault
29163,287900968R,Renault
29164,288905615R,Renault
29198,8200244498,Renault
29207,122077135R,Renault
29208,144604018R,Renault
29209,147308126R,Renault
29210,214008764R,Renault
29211,214101448R,Renault
29212,288908955R,Renault
29213,850922902R,Renault
29214,850925295R,Renault
29215,850932782R,Renault
29216,921009251R,Renault
29237,7703077476,Renault
29238,638455723R,Renault
29255,8200561251,Renault
29264,8660003050,Renault
29265,8660003817,Renault
29266,8200557827,Renault
29270,551103022R,Renault
29271,8200196579,Renault
29272,6001549117,Renault
29273,7700101644,Renault
29274,7701049270,Renault
29275,7703077354,Renault
29276,122075293R,Renault
29277,150501538R,Renault
29278,25320AX00C,Renault
29279,287906144R,Renault
29280,288909504R,Renault
29281,8200607983,Renault
29282,620930831R,Renault
29313,166000002R,Renault
29328,8200502735,Renault
29400,110650819R,Renault
29401,110651492R,Renault
29402,7700314710,Renault
29406,7711497298,Renault
29407,132024309R,Renault
29408,764191761R,Renault
29409,801861710R,Renault
29410,926000105R,Renault
29411,850702324R,Renault
29457,7701476657,Renault
29462,7701471719,Renault
29464,8200537047,Renault
30635,8200073428,Renault
30637,8200427469,Renault
30638,7701065854,Renault
30639,7701475377,Renault
30640,7701476234,Renault
30641,144601765R,Renault
30642,27140JY10A,Renault
30643,272103931R,Renault
30644,288900001R,Renault
30645,562106321R,Renault
30646,622223328r,Renault
30647,628160099R,Renault
30648,628170305R,Renault
30649,850934565R,Renault
30669,8200242600,Renault
30670,144960050R,Renault
30671,8200688708,Renault
30672,122012273R,Renault
30673,147350678R,Renault
30674,240705950R,Renault
30675,326401354R,Renault
30676,440013546R,Renault
30677,440118013R,Renault
30678,440670001R,Renault
30679,828216198R,Renault
30680,850907385R,Renault
30686,8200801589,Renault
30687,223651975R,Renault
30688,440011818R,Renault
30769,7701478099,Renault
30774,265550007R,Renault
30926,255503792R,Renault
30934,8200674136,Renault
30935,288954625R,Renault
31030,8201033717,Renault
31464,963021730R,Renault
31696,288907672R,Renault
31730,8201708662,Renault
31740,122073826R,Renault
31742,768F30003R,Renault
31743,828210160R,Renault
31804,8200741290,Renault
31805,8200480127,Renault
31806,383427234R,Renault
31920,210107852R,Renault
31987,7700415343,Renault
